{
  "ZGGG_ZBAA": {
    "ZGGG": [113.308333, 23.393333],
    "YIN": [113.414997, 24.189722],
    "BUBDA": [113.463608, 25.868056],
    "LIG": [113.516664, 27.648056],
    "PAVTU": [113.555831, 28.105278],
    "LUMKO": [113.581942, 28.480833],
    "AKUBA": [113.600275, 28.754722],
    "DAPRO": [113.639167, 29.257778],
    "LKO": [113.691664, 29.906389],
    "UBTAG": [114.026942, 30.558889],
    "HOK": [114.43, 31.324722],
    "ESDOS": [114.4675, 31.721667],
    "OBLIK": [114.524997, 32.329722],
    "ZHO": [114.654997, 33.664722],
    "OBMEP": [114.504442, 33.821944],
    "OKTOX": [114.564997, 34.460833],
    "DOSKU": [114.721664, 36.084167],
    "VADMO": [114.740831, 36.28],
    "ORODO": [114.750275, 36.373889],
    "LEBUN": [115.588886, 37.797778],
    "IGMES": [115.568056, 38.079722],
    "AVLUV": [115.566944, 38.11],
    "NUDKU": [115.555831, 38.268333],
    "GUVRI": [115.7, 38.4975],
    "DUGEB": [115.803889, 38.661667],
    "ZBAA": [116.598333, 40.073333]
  },
  "LAS_CNA": {
    "ONE": [90.911667, 29.296667],
    "TWO": [91.33039773555784, 29.268412618789718],
    "THREE": [91.42840370580436, 28.45641145568045],
    "FOUR": [91.96663483847217, 27.98679677881717],
    "FIVE": [92.911667, 27.1016667],
    "SIX": [93.423232, 26.898988],
    "SEVEN": [93.9999423, 26.001231],
    "EIGHT": [94.723, 26.123321],
    "NINE": [95.99843, 25.0],
    "TEN": [96.989823, 24.012312]
  }
}
